{
    "name": "lotus_qaz",
    "vendorId": "0xFEED",
    "productId": "0x0000",
    "matrix": {
        "rows": 4,
        "cols": 12
    },
    "layouts": {
        "labels": [
            [
                "Layout",
                "LAYOUT"
            ]
        ],
        "keymap": [
            [
                {
                    "x": 5.596397779494322,
                    "y": 3.38
                },
                "2,5\n\n\n0,0",
                "2,6\n\n\n0,0"
            ],
            [
                {
                    "r": 18.255679996589432,
                    "rx": 2.5757336292826674,
                    "ry": 0
                },
                "0,2\n\n\n0,0"
            ],
            [
                {
                    "r": 15.44104025019562,
                    "rx": 1.4557833891428655,
                    "ry": 0.032208620686372536
                },
                "0,1\n\n\n0,0"
            ],
            [
                {
                    "r": 13.378938052460203,
                    "rx": 0.3583237690724317,
                    "ry": 0.05776272278660799
                },
                "0,0\n\n\n0,0"
            ],
            [
                {
                    "r": 19.138110625328412,
                    "rx": 3.6098495429860504,
                    "ry": 0.23549019978653418
                },
                "0,3\n\n\n0,0"
            ],
            [
                {
                    "r": -13.378938052460203,
                    "rx": 11.8616107868282,
                    "ry": 0.2891530178955135
                },
                "0,11\n\n\n0,0"
            ],
            [
                {
                    "r": -15.44104025019562,
                    "rx": 10.773107227443848,
                    "ry": 0.2984552394689024
                },
                "0,10\n\n\n0,0"
            ],
            [
                {
                    "r": -18.255679996589432,
                    "rx": 9.667393853552559,
                    "ry": 0.31325795302763093
                },
                "0,9\n\n\n0,0"
            ],
            [
                {
                    "r": 20.533026754345475,
                    "rx": 4.65320502705104,
                    "ry": 0.4644130482168787
                },
                "0,4\n\n\n0,0"
            ],
            [
                {
                    "r": -19.138110625328412,
                    "rx": 8.638214963780461,
                    "ry": 0.563336564669936
                },
                "0,8\n\n\n0,0"
            ],
            [
                {
                    "r": -20.533026754345475,
                    "rx": 7.603120366791878,
                    "ry": 0.8151602930983384
                },
                "0,7\n\n\n0,0"
            ],
            [
                {
                    "r": 7.823862855681185,
                    "rx": 2.2205182426565395,
                    "ry": 1.1308318649516387
                },
                "1,2\n\n\n0,0"
            ],
            [
                {
                    "r": 6.617588678655266,
                    "rx": 1.1595374281563704,
                    "ry": 1.1500263326180022
                },
                "1,1\n\n\n0,0"
            ],
            [
                {
                    "r": 5.733830593911516,
                    "rx": 0.10442838441756241,
                    "ry": 1.1643005768792027
                },
                "1,0\n\n\n0,0"
            ],
            [
                {
                    "r": -5.733830593911516,
                    "rx": 12.093370421931068,
                    "ry": 1.2642078450623913
                },
                "1,11\n\n\n0,0"
            ],
            [
                {
                    "r": -6.617588678655266,
                    "rx": 11.039920695484629,
                    "ry": 1.2652684236132672
                },
                "1,10\n\n\n0,0"
            ],
            [
                {
                    "r": -7.823862855681185,
                    "rx": 9.98158608534118,
                    "ry": 1.2669600576145938
                },
                "1,9\n\n\n0,0"
            ],
            [
                {
                    "r": 6.379370208442803,
                    "rx": 3.2315587583221523,
                    "ry": 1.4029956266452468
                },
                "1,3\n\n\n0,0"
            ],
            [
                {
                    "r": -6.379370208442803,
                    "rx": 8.967428810666586,
                    "ry": 1.514106737756358
                },
                "1,8\n\n\n0,0"
            ],
            [
                {
                    "r": 4.106605350869094,
                    "rx": 4.239306963035308,
                    "ry": 1.6900385131771702
                },
                "1,4\n\n\n0,0"
            ],
            [
                {
                    "r": -4.106605350869094,
                    "rx": 7.9560560622422125,
                    "ry": 1.7616509471157433
                },
                "1,7\n\n\n0,0"
            ],
            [
                {
                    "r": 1.9112768646371723,
                    "rx": 12.193351887954673,
                    "ry": 2.2614280568993834
                },
                "2,11\n\n\n0,0"
            ],
            [
                {
                    "r": 2.2058628928850883,
                    "rx": 11.155276831353522,
                    "ry": 2.2615666328261064
                },
                "2,10\n\n\n0,0"
            ],
            [
                {
                    "r": 2.607954285227062,
                    "rx": 10.117902691539102,
                    "ry": 2.2617878043550013
                },
                "2,9\n\n\n0,0"
            ],
            [
                {
                    "r": -1.9112768646371723,
                    "rx": 0,
                    "ry": 2.2947799448540573
                },
                "2,0\n\n\n0,0"
            ],
            [
                {
                    "r": -2.2058628928850883,
                    "rx": 1.0382597445570887,
                    "ry": 2.300056693073616
                },
                "2,1\n\n\n0,0"
            ],
            [
                {
                    "r": -2.607954285227062,
                    "rx": 2.0759286049596524,
                    "ry": 2.3072894775992987
                },
                "2,2\n\n\n0,0"
            ],
            [
                {
                    "r": 6.379370208442803,
                    "rx": 9.078539921777697,
                    "ry": 2.514106737756358
                },
                "2,8\n\n\n0,0"
            ],
            [
                {
                    "r": -6.379370208442803,
                    "rx": 3.1204476472110416,
                    "ry": 2.625217848867469
                },
                "2,3\n\n\n0,0"
            ],
            [
                {
                    "r": 12.319816052607283,
                    "rx": 8.02693399026237,
                    "ry": 2.769313828532378
                },
                "2,7\n\n\n0,0"
            ],
            [
                {
                    "r": -12.319816052607283,
                    "rx": 4.18888973042617,
                    "ry": 2.982682118511269
                },
                "2,4\n\n\n0,0"
            ],
            [
                {
                    "r": 9.55638432318586,
                    "rx": 12.159777736614153,
                    "ry": 3.2630852940849424
                },
                "3,11\n\n\n0,0"
            ],
            [
                {
                    "r": -9.55638432318586,
                    "rx": 0.04689512043161281,
                    "ry": 3.429103415724952
                },
                "3,0\n\n\n0,0"
            ],
            [
                {
                    "r": 6.379370208442803,